419,412,417,415,413,418,416,421,415,420,413,417,416,416,418,416,417,406,418,421,415,416,413,418,416,411,418,418,415,416,416
262,261,258,260,264,262,263,260,264,260,263,262,263,261,259,260,261,262,264,258,263,259,260,262,263,263,263,263,259,260,259
376,381,384,381,381,380,386,384,385,380,388,383,380,387,384,381,383,387,383,381,379,388,380,380,381,384,382,387,380,384,380
383,390,388,393,389,385,388,386,390,392,394,388,388,396,397,391,392,397,389,391,399,389,387,389,389,388,386,387,395,394,398
205,204,208,209,208,214,210,210,208,209,207,208,209,210,206,208,210,208,209,209,210,209,206,204,209,210,208,210,209,207,208
178,184,185,185,191,186,187,187,183,184,183,185,187,183,183,187,188,183,187,183,184,182,179,184,185,184,185,181,186,186,187
198,200,200,198,198,198,198,200,198,201,199,197,195,199,198,199,198,200,198,200,199,193,193,199,198,200,199,201,198,194,201
169,167,168,167,168,169,167,167,169,169,169,169,169,167,170,168,169,171,168,169,170,168,166,169,169,165,169,168,169,166,171
116,116,115,117,117,118,115,116,118,118,116,118,117,114,116,118,116,117,116,117,116,115,116,115,115,118,117,117,117,118,116
83,84,83,84,85,85,85,85,83,86,85,88,87,85,85,86,83,82,86,86,84,83,88,84,85,88,84,85,85,85,84
20,19,20,20,19,20,19,20,20,19,20,20,20,19,20,20,20,20,20,20,19,20,20,21,20,20,20,20,20,20,20
185,187,187,188,188,187,186,187,187,185,188,186,187,187,187,187,185,188,186,186,186,187,186,186,187,188,186,187,187,188,187
4,4,4,4,4,4,4,4,4,4,4,4,4,4,4,4,4,4,4,4,4,5,4,4,4,4,5,4,4,3,4
10,10,11,11,10,10,10,11,10,10,10,10,11,10,9,10,10,10,10,10,10,10,10,10,10,10,10,10,11,12,11
52,46,49,49,51,50,48,49,50,49,50,49,50,47,47,50,49,47,50,49,49,60,72,58,50,50,50,49,48,52,49
16,17,17,18,17,17,18,17,17,17,17,17,17,17,17,17,18,17,17,17,17,17,17,17,18,17,17,17,17,17,17
3,3,2,3,3,3,3,3,3,3,3,3,3,3,3,3,3,3,4,3,3,3,3,3,3,4,2,3,3,3,3
2,2,2,2,2,2,2,2,2,2,2,2,2,2,2,2,2,2,2,3,2,2,2,2,2,2,2,2,2,2,2
108,109,110,110,108,109,109,109,110,110,109,107,109,109,109,111,109,108,109,109,107,109,109,109,109,110,109,110,110,106,106
57,56,56,57,57,57,57,57,55,56,57,56,57,57,56,55,57,58,58,57,56,57,56,57,59,58,58,57,57,57,56
3,3,3,3,3,3,3,3,3,3,3,3,3,3,3,3,3,4,3,3,3,3,3,3,3,3,3,3,3,3,3
31,35,36,35,35,35,34,35,35,36,35,35,34,35,35,34,35,36,35,36,36,36,34,35,35,35,35,34,35,36,35
4,4,3,4,4,4,4,4,4,4,4,4,4,4,4,5,4,4,4,4,4,3,4,4,4,4,4,4,4,4,4
0,0,0,0,0,0,0,0,0,0,0,0,0,0,0,0,0,0,0,0,0,0,0,0,0,0,0,0,0,0,0
176,157,143,140,138,139,136,136,137,138,137,137,137,137,137,136,137,137,135,136,136,136,137,138,136,136,136,134,136,136,137
32,33,32,34,35,32,35,33,33,33,35,33,33,33,33,33,33,33,33,32,33,34,33,34,33,33,35,33,34,33,32
1,1,1,1,1,1,1,1,1,1,1,1,1,1,1,1,1,1,1,1,1,1,1,1,1,1,1,1,1,2,1
17,16,16,15,15,15,15,15,15,15,16,15,15,16,15,15,15,16,15,15,15,15,15,15,16,15,14,15,15,15,15
2,2,3,2,2,2,2,2,2,2,2,2,2,2,2,2,2,1,2,2,2,2,2,2,2,2,2,2,2,2,2
1,1,1,1,1,1,1,1,1,1,1,1,1,1,1,1,1,1,1,1,1,1,1,1,1,1,1,1,1,1,1
1,1,1,1,1,1,1,1,1,1,1,1,1,1,1,1,1,1,1,1,1,1,1,1,1,1,1,1,1,1,1
2,3,2,2,2,2,3,2,2,2,2,2,2,2,2,2,2,2,2,2,2,2,2,2,2,2,2,3,2,2,2
22,23,23,23,24,23,23,22,23,22,23,23,23,23,23,22,22,23,23,23,22,23,23,23,23,22,23,23,23,23,23
4,4,4,4,4,4,4,4,4,4,3,4,4,4,4,4,4,4,4,4,4,4,3,4,5,4,4,4,4,3,4
8,8,8,8,8,8,8,8,8,8,8,9,8,8,8,8,7,8,8,8,8,8,8,8,8,7,8,8,8,9,8
14,14,16,14,14,14,14,14,15,13,13,14,14,14,14,14,14,14,14,14,14,14,14,14,14,15,14,14,14,14,14
8,8,8,8,8,8,8,8,7,8,8,8,8,8,8,8,8,8,8,8,8,8,8,8,8,7,8,8,8,8,8
15,17,16,16,17,16,17,16,16,16,16,16,16,16,16,16,16,17,16,16,16,16,16,16,16,16,16,16,16,16,16
11,10,11,11,11,11,11,12,12,11,10,11,11,11,11,11,11,11,10,11,11,11,11,11,11,11,11,11,11,11,11
2,3,2,2,2,2,2,2,2,2,2,2,2,2,2,2,2,2,2,2,2,2,2,2,2,2,2,2,2,2,2
6,6,6,6,6,6,6,6,6,6,6,6,6,6,6,6,6,6,6,6,6,6,6,6,6,5,6,6,6,6,5
43,45,46,46,46,46,45,46,47,47,45,46,46,46,46,45,46,46,46,46,46,45,46,46,47,45,46,46,46,46,45
6,6,6,6,6,6,6,6,6,6,7,6,6,5,6,6,6,6,6,6,6,6,6,6,5,6,6,6,6,6,6
20,20,20,20,20,20,20,21,20,20,20,20,20,20,20,20,20,21,20,19,20,19,20,20,20,20,20,20,20,20,20
6,5,6,6,5,6,6,6,6,6,6,6,6,6,6,7,6,6,6,7,6,7,6,5,6,7,6,6,6,6,6
11,10,10,10,9,9,10,10,10,10,10,10,10,10,10,10,10,10,10,10,10,10,10,10,10,10,10,10,10,10,10
15,15,15,15,15,15,15,15,15,15,15,16,15,15,15,15,15,15,15,15,15,14,16,15,15,15,15,15,15,15,15
2,2,2,2,2,2,3,2,2,2,2,3,2,2,2,2,2,2,2,2,2,3,2,2,2,2,2,2,2,2,2
12,12,12,12,10,12,12,12,12,12,12,12,12,12,12,12,12,12,12,12,12,13,12,12,11,12,12,12,12,12,12
3,4,3,3,3,3,3,3,3,3,3,3,3,4,3,3,3,3,2,3,3,3,4,3,5,3,3,3,3,3,3
1,1,1,1,1,1,1,1,1,1,1,1,1,1,1,0,1,1,1,1,1,1,1,1,1,1,1,1,1,1,1
4,5,4,4,4,4,4,4,4,4,4,4,4,4,4,4,4,4,5,4,4,3,5,4,4,4,4,4,4,4,4
5,5,6,5,5,5,5,5,5,5,5,5,5,5,5,6,5,5,5,5,5,5,5,5,5,5,5,5,5,5,5
116,113,116,115,114,113,115,115,114,115,112,115,116,115,115,115,115,113,114,115,116,116,124,116,115,115,118,115,115,116,116
3,3,3,3,3,3,3,3,3,3,3,3,3,3,3,3,3,3,3,3,3,2,3,3,3,3,3,3,3,3,3
18,18,16,18,19,18,18,18,18,18,18,18,18,18,18,17,18,18,18,19,18,18,16,18,18,18,18,18,18,18,18
6,6,6,6,6,6,6,6,6,6,6,6,6,6,6,7,6,6,6,6,6,6,5,6,6,6,5,6,6,6,6
7,7,8,7,7,7,7,7,7,7,7,8,7,7,7,7,7,8,7,7,6,6,7,7,7,7,7,7,7,7,7
15,15,15,15,15,15,15,15,15,15,15,15,16,15,15,15,15,15,15,15,15,16,15,15,15,15,14,15,15,15,15
4,4,4,4,4,4,4,4,4,4,4,4,4,3,4,4,4,4,4,4,4,4,4,4,3,4,4,4,4,4,4
2,2,2,2,2,2,2,2,2,2,2,2,2,2,2,4,2,2,2,2,2,3,2,2,2,2,2,2,2,2,2
5,5,5,5,5,5,5,5,5,5,6,5,5,5,5,5,5,5,5,5,5,5,5,5,5,5,5,5,5,5,5
2,2,2,2,2,2,2,2,2,2,2,2,2,2,2,2,2,2,2,2,2,2,2,2,2,3,2,2,2,2,2
13,13,13,12,13,13,13,12,13,13,13,13,13,13,13,12,14,13,13,13,12,13,13,13,13,13,13,13,13,13,13
5,4,5,5,5,5,5,5,5,5,5,5,5,5,5,5,4,5,5,5,6,5,5,5,5,5,5,5,5,5,5
2,3,2,2,2,2,2,2,2,2,2,2,2,2,2,2,2,2,2,2,2,2,2,2,2,2,2,2,2,1,2
6,6,6,6,5,7,6,6,6,6,5,6,6,6,6,6,6,6,6,6,6,6,6,6,6,6,6,6,6,6,6
11,11,11,11,11,11,11,11,11,11,11,11,11,11,11,11,11,11,11,11,11,10,11,11,10,11,11,11,11,11,11
12,12,12,12,12,12,12,12,12,12,12,12,11,12,12,12,12,12,12,12,12,12,11,12,11,12,12,12,12,12,12
52,50,52,52,50,52,52,52,52,52,52,52,52,52,52,52,52,52,52,52,51,52,54,52,52,53,53,51,52,52,51
29,29,28,29,30,29,29,29,29,28,29,29,29,29,29,29,29,29,29,29,29,29,29,29,29,29,29,29,29,30,29
10,12,12,12,12,12,12,12,12,12,12,12,13,12,12,12,12,12,12,12,12,12,12,12,13,12,12,12,12,12,12
125,126,125,126,126,125,126,126,126,126,125,124,126,126,127,126,126,126,125,126,126,128,124,126,127,127,127,126,126,126,126
8,8,9,8,8,8,8,8,8,8,8,8,9,8,8,8,8,8,8,8,8,8,8,8,8,8,8,8,8,8,8
1,1,1,1,1,1,1,1,1,1,1,1,1,1,1,1,1,1,1,1,1,1,1,1,1,1,1,1,1,1,1
3,3,3,3,3,3,3,3,3,3,3,3,3,3,3,3,3,3,3,3,3,3,3,3,3,3,2,3,3,3,3
0,0,0,0,0,0,0,0,0,0,0,0,0,0,0,0,0,0,0,0,0,0,0,0,0,0,0,0,0,0,0
6,6,6,6,6,6,7,6,6,6,5,5,6,6,6,6,6,6,6,6,6,6,6,6,6,6,6,6,6,6,6
3,3,3,3,3,3,3,3,3,3,3,3,3,3,3,3,3,3,3,3,3,3,3,3,3,3,3,3,3,3,3
4,4,4,4,4,4,4,4,4,4,4,4,4,4,4,4,4,4,4,4,4,4,4,4,4,4,4,4,4,4,4
14,14,14,14,14,14,14,14,14,13,14,15,14,14,14,14,14,14,14,14,14,14,14,14,14,14,14,14,14,14,14
5,5,5,5,5,5,5,5,5,5,5,5,5,5,5,5,5,5,5,5,5,5,5,5,5,5,5,5,5,5,5
25,25,25,25,25,25,25,25,25,25,25,25,26,25,26,25,26,25,24,25,25,25,25,25,25,25,26,26,25,25,25
7,7,7,7,7,7,6,7,7,7,7,7,7,7,7,7,7,7,7,7,7,7,7,8,7,7,7,7,7,7,7
3,5,3,3,3,3,3,3,3,3,3,3,3,3,3,3,3,3,3,3,3,3,3,3,3,3,3,3,3,3,3
2,2,2,2,2,2,2,2,2,2,2,2,2,2,2,2,2,2,2,2,2,2,2,2,2,2,2,2,2,3,2
5,5,5,5,5,5,5,5,5,5,5,5,6,5,5,4,5,5,5,5,5,6,5,5,5,5,5,5,5,4,6
0,0,0,0,0,0,0,0,0,0,0,0,0,0,0,0,0,0,0,0,0,0,0,0,0,0,0,0,0,0,0
17,17,17,16,17,17,17,16,17,17,17,17,17,17,17,17,17,17,17,17,16,17,17,16,17,17,17,17,18,17,17
2,2,2,2,2,2,3,2,2,2,2,2,2,2,2,3,2,2,2,2,2,2,2,2,2,2,2,2,2,2,2
4,4,4,4,4,4,4,4,4,4,4,4,4,4,4,4,4,4,5,4,4,4,4,4,4,4,4,4,4,4,4
6,6,6,6,6,6,6,6,6,6,6,6,5,5,6,6,6,6,6,6,6,6,6,6,6,6,6,6,6,6,5
7,7,7,7,7,8,7,6,7,7,7,7,7,7,7,7,7,7,7,7,7,7,7,7,7,7,7,7,7,7,7
6,6,6,6,6,6,6,6,6,6,6,6,6,7,6,6,6,6,5,6,6,6,6,6,6,7,6,6,6,6,6
2,2,2,2,2,2,2,2,2,2,2,2,2,2,2,2,2,2,2,2,2,2,2,2,2,2,2,2,2,2,2
22,23,24,22,23,23,22,23,23,24,23,25,23,24,23,23,22,23,23,23,23,23,23,23,23,24,23,23,23,23,24
10,10,11,10,10,10,11,10,10,10,10,10,10,10,10,10,10,10,11,10,10,10,10,10,10,9,10,10,10,10,10
7,7,7,8,7,7,7,7,7,7,7,7,7,7,7,7,8,7,7,7,7,7,7,7,7,7,7,7,7,7,7
1,1,1,1,1,1,1,1,1,1,1,1,1,1,1,1,1,1,1,1,1,1,1,1,1,1,1,1,1,1,1
77,77,75,77,77,77,77,78,77,77,77,76,77,76,77,77,77,77,77,77,77,76,77,77,77,76,77,77,77,76,77
15,16,16,16,16,16,16,16,16,16,16,16,15,16,16,16,16,16,16,16,16,16,16,16,16,16,16,16,16,16,16
1,1,1,1,1,1,1,1,1,1,1,1,1,1,1,1,1,1,1,1,1,1,1,1,1,1,1,1,1,1,1
0,0,0,0,0,0,0,0,0,0,0,0,0,0,0,0,0,0,0,0,0,0,0,0,0,0,0,0,0,0,0
0,0,0,0,0,0,0,0,0,0,0,0,0,0,0,0,0,0,0,0,0,0,0,0,0,0,0,0,0,0,0
2,2,2,2,2,2,2,2,2,2,2,2,3,2,2,2,2,2,2,2,2,2,2,2,2,2,2,2,2,2,2
7,7,7,7,7,7,7,7,7,7,7,7,7,7,7,7,7,7,7,7,7,7,7,7,7,7,7,7,7,7,7
35,35,35,35,36,36,35,35,36,34,36,35,35,35,35,35,35,35,35,35,36,34,35,35,35,35,35,35,35,34,34
3,3,3,3,3,3,2,3,3,3,3,3,3,3,3,3,3,3,3,3,3,3,3,3,3,3,3,3,3,3,3
0,0,0,0,0,0,0,0,0,0,0,0,0,1,0,0,0,0,0,0,0,0,0,0,0,0,0,0,0,0,0
1,1,1,1,1,1,1,1,1,1,1,1,1,1,1,1,1,1,1,1,1,1,1,1,0,1,1,1,1,2,1
3,3,3,3,3,3,3,3,3,3,3,3,3,2,3,3,3,3,3,3,4,3,2,3,3,3,3,3,3,3,3
0,0,0,0,0,0,0,0,0,0,0,0,0,0,0,0,0,0,0,0,0,0,0,0,0,0,0,0,0,0,0
1,1,1,1,1,1,1,1,1,1,1,1,1,1,1,1,1,1,1,1,1,1,1,1,1,1,1,1,1,1,1
0,0,0,0,0,0,0,0,0,0,0,0,0,0,1,0,0,0,0,0,0,1,0,0,0,0,0,0,0,0,0
5,6,6,6,6,5,6,6,6,7,6,6,6,6,6,6,6,6,6,6,6,6,6,6,6,6,6,6,6,6,6
24,24,24,24,24,24,24,25,24,24,24,24,24,24,24,25,24,24,23,24,25,24,24,24,24,24,24,24,24,25,24
1,1,1,1,1,1,1,1,1,1,1,1,1,1,1,1,1,1,1,1,1,1,1,1,1,1,1,1,1,1,1
5,5,5,5,5,5,5,5,5,5,5,5,5,5,5,5,5,5,6,5,5,5,5,5,5,5,5,5,5,5,5
34,36,36,36,36,36,36,36,36,35,35,36,35,36,36,36,36,36,36,36,36,36,37,36,36,36,36,36,36,36,36
12,11,11,11,11,11,11,11,11,11,11,12,11,11,11,11,11,11,11,11,11,11,11,11,12,11,11,11,11,12,11
1,1,1,1,1,1,1,1,1,1,2,1,1,1,1,1,1,1,1,1,2,1,1,1,1,1,1,1,1,1,1
29,28,28,28,28,28,28,27,28,28,28,28,28,28,28,28,28,28,28,28,28,28,28,28,28,28,28,28,28,28,28
12,12,12,12,12,12,12,12,12,12,12,12,12,12,12,12,12,12,12,12,12,12,12,12,12,12,12,12,12,12,13
